{"name":"c7825e7e-3704-4f96-9d97-ff13bcabb813","id":"/providers/Microsoft.Flow/flows/c7825e7e-3704-4f96-9d97-ff13bcabb813","type":"Microsoft.Flow/flows","properties":{"apiId":"/providers/Microsoft.PowerApps/apis/shared_logicflows","displayName":"Copy of - Drew Sample Power Automate Workflow","definition":{"metadata":{"workflowEntityId":null,"flowclientsuspensionreason":"None","flowclientsuspensiontime":null,"creator":{"id":"e4a11170-ed41-45dc-ae1b-c7692426334d","type":"User","tenantId":"674d3e6c-45f7-42e9-938c-fcd01e3ff57c"},"provisioningMethod":"FromDefinition","failureAlertSubscription":true,"clientLastModifiedTime":"2021-01-16T14:45:55.5600819Z"},"$schema":"https://schema.management.azure.com/providers/Microsoft.Logic/schemas/2016-06-01/workflowdefinition.json#","contentVersion":"1.0.0.0","parameters":{"$connections":{"defaultValue":{},"type":"Object"},"$authentication":{"defaultValue":{},"type":"SecureObject"},"cdsruntimecertificate":{"type":"String"},"cdsruntimecertificatepassword":{"type":"SecureString"}},"triggers":{"When_a_record_is_created,_updated_or_deleted":{"type":"OpenApiConnectionWebhook","inputs":{"host":{"apiId":"/providers/Microsoft.PowerApps/apis/shared_commondataserviceforapps","connectionName":"shared_commondataserviceforapps","operationId":"SubscribeWebhookTrigger"},"parameters":{"subscriptionRequest/message":1,"subscriptionRequest/entityname":"crd38_deviceorder","subscriptionRequest/scope":4},"authentication":"@parameters('$authentication')"}}},"actions":{"Start_and_wait_for_an_approval":{"runAfter":{},"type":"OpenApiConnectionWebhook","inputs":{"host":{"apiId":"/providers/Microsoft.PowerApps/apis/shared_approvals","connectionName":"shared_approvals","operationId":"StartAndWaitForAnApproval"},"parameters":{"approvalType":"Basic","WebhookApprovalCreationInput/title":"New device request for@{triggerOutputs()?['body/crd38_devicename']}","WebhookApprovalCreationInput/assignedTo":"@{triggerOutputs()?['body/crd38_approver']};","WebhookApprovalCreationInput/details":"A new device has been requested \n$ @{triggerOutputs()?['body/crd38_price']}\n\n@{triggerOutputs()?['body/crd38_devicename']} \n\nDepartment Contribution $@{triggerOutputs()?['body/crd38_departmentcontribution']}\n\nComment:@{triggerOutputs()?['body/crd38_comments']}","WebhookApprovalCreationInput/requestor":"@{triggerOutputs()?['body/crd38_requestedby']};","WebhookApprovalCreationInput/enableNotifications":true,"WebhookApprovalCreationInput/enableReassignment":true},"authentication":"@parameters('$authentication')"}},"Condition":{"actions":{"Update_a_record":{"runAfter":{},"type":"OpenApiConnection","inputs":{"host":{"apiId":"/providers/Microsoft.PowerApps/apis/shared_commondataserviceforapps","connectionName":"shared_commondataserviceforapps","operationId":"UpdateRecord"},"parameters":{"entityName":"crd38_deviceorders","recordId":"@triggerOutputs()?['body/crd38_deviceorderid']","item/crd38_approvalstatus":240690000,"item/crd38_approveddate":"@utcNow()","item/crd38_comments":"@triggerOutputs()?['body/crd38_comments']"},"authentication":"@parameters('$authentication')"}},"Send_an_email_notification_(V3)":{"runAfter":{"Update_a_record":["Succeeded"]},"type":"OpenApiConnection","inputs":{"host":{"apiId":"/providers/Microsoft.PowerApps/apis/shared_sendmail","connectionName":"shared_sendmail","operationId":"SendEmailV3"},"parameters":{"request/to":"@outputs('Update_a_record')?['body/crd38_approver']","request/subject":"Your device order has ben approved!","request/text":"<p>Your device has been approved &lt;b&gt;@{outputs('Update_a_record')?['body/crd38_devicename']}&lt;/b&gt;&lt;/br&gt;<br>\nEstimated ship date: @{triggerOutputs()?['body/crd38_estimatedshipdate']}&lt;/br&gt;<br>\n@{outputs('Start_and_wait_for_an_approval')?['body/responseSummary']}</p>"},"authentication":"@parameters('$authentication')"}}},"runAfter":{"Start_and_wait_for_an_approval":["Succeeded"]},"else":{"actions":{"Update_a_record_reject":{"runAfter":{},"type":"OpenApiConnection","inputs":{"host":{"apiId":"/providers/Microsoft.PowerApps/apis/shared_commondataserviceforapps","connectionName":"shared_commondataserviceforapps","operationId":"UpdateRecord"},"parameters":{"entityName":"crd38_deviceorders","recordId":"@triggerOutputs()?['body/crd38_deviceorderid']","item/crd38_approvalstatus":240690001,"item/crd38_approveddate":"@utcNow()","item/crd38_comments":"@triggerOutputs()?['body/crd38_comments']"},"authentication":"@parameters('$authentication')"}},"Send_an_email_notification_(V3)_2":{"runAfter":{"Update_a_record_reject":["Succeeded"]},"type":"OpenApiConnection","inputs":{"host":{"apiId":"/providers/Microsoft.PowerApps/apis/shared_sendmail","connectionName":"shared_sendmail","operationId":"SendEmailV3"},"parameters":{"request/to":"@outputs('Update_a_record_reject')?['body/crd38_approver']","request/subject":"Your device order has not been approved","request/text":"<p>Your device@{outputs('Update_a_record_reject')?['body/crd38_devicename']} has been rejected, bummer! @{outputs('Start_and_wait_for_an_approval')?['body/responseSummary']}<br>\n</p>"},"authentication":"@parameters('$authentication')"}}}},"expression":{"equals":["@outputs('Start_and_wait_for_an_approval')?['body/outcome']","Approve"]},"type":"If"}}},"connectionReferences":{"shared_approvals":{"connectionName":"shared-approvals-ec347366-a158-4b17-86af-1568-77427344","source":"Embedded","id":"/providers/Microsoft.PowerApps/apis/shared_approvals","tier":"NotSpecified"},"shared_commondataserviceforapps":{"connectionName":"shared-commondataser-6dd60e31-3164-453d-a592-107e-d276b62a","source":"Embedded","id":"/providers/Microsoft.PowerApps/apis/shared_commondataserviceforapps","tier":"NotSpecified"},"shared_sendmail":{"connectionName":"shared-sendmail-44ac98c3-d30e-4758-979c-c9b7-87df0b2c","source":"Embedded","id":"/providers/Microsoft.PowerApps/apis/shared_sendmail","tier":"NotSpecified"}},"flowFailureAlertSubscribed":false}}